[
  {
    "name": "Jessie",
    "amount": 16.5528
  },
  {
    "name": "Small",
    "amount": 34.2513
  },
  {
    "name": "Lilian",
    "amount": 6.6146
  },
  {
    "name": "Newton",
    "amount": 5.5574
  },
  {
    "name": "Melinda",
    "amount": 4.1595
  },
  {
    "name": "Angel",
    "amount": 29.3431
  },
  {
    "name": "Latoya",
    "amount": 10.646
  },
  {
    "name": "Janis",
    "amount": 19.9859
  },
  {
    "name": "Misty",
    "amount": 40.9268
  },
  {
    "name": "Bernice",
    "amount": 45.9469
  },
  {
    "name": "Prince",
    "amount": 10.814
  },
  {
    "name": "Jessica",
    "amount": 26.1707
  },
  {
    "name": "Hammond",
    "amount": 15.7063
  },
  {
    "name": "Katina",
    "amount": 44.3519
  },
  {
    "name": "Potter",
    "amount": 46.2704
  },
  {
    "name": "Morrison",
    "amount": 8.3985
  },
  {
    "name": "Esther",
    "amount": 45.6652
  },
  {
    "name": "Hawkins",
    "amount": 5.7901
  },
  {
    "name": "Barry",
    "amount": 7.2659
  },
  {
    "name": "Russell",
    "amount": 28.8002
  },
  {
    "name": "Mamie",
    "amount": 3.9932
  },
  {
    "name": "Victoria",
    "amount": 26.6437
  },
  {
    "name": "Kim",
    "amount": 17.408
  },
  {
    "name": "Garcia",
    "amount": 15.9843
  },
  {
    "name": "Vaughan",
    "amount": 38.8653
  },
  {
    "name": "Carney",
    "amount": 17.1595
  },
  {
    "name": "Lupe",
    "amount": 43.7005
  },
  {
    "name": "Cunningham",
    "amount": 43.4787
  },
  {
    "name": "Abby",
    "amount": 27.3649
  },
  {
    "name": "Karina",
    "amount": 12.4572
  },
  {
    "name": "Mejia",
    "amount": 25.0048
  },
  {
    "name": "Lindsay",
    "amount": 2.6482
  },
  {
    "name": "Barrera",
    "amount": 2.1456
  },
  {
    "name": "Whitney",
    "amount": 14.7405
  },
  {
    "name": "Bryant",
    "amount": 44.1584
  },
  {
    "name": "Landry",
    "amount": 27.3066
  },
  {
    "name": "Fulton",
    "amount": 7.9186
  },
  {
    "name": "Skinner",
    "amount": 25.002
  },
  {
    "name": "Hall",
    "amount": 24.9071
  },
  {
    "name": "Anita",
    "amount": 20.3823
  },
  {
    "name": "Graham",
    "amount": 29.4072
  },
  {
    "name": "Robinson",
    "amount": 30.3557
  },
  {
    "name": "Dean",
    "amount": 35.9314
  },
  {
    "name": "Felicia",
    "amount": 21.9494
  },
  {
    "name": "Hopkins",
    "amount": 13.5147
  },
  {
    "name": "Rochelle",
    "amount": 10.4336
  },
  {
    "name": "Rosemarie",
    "amount": 44.1363
  },
  {
    "name": "Lynnette",
    "amount": 30.4844
  },
  {
    "name": "Dorthy",
    "amount": 4.5691
  },
  {
    "name": "Tami",
    "amount": 23.662
  }
]